<?xml version="1.0" encoding="UTF-8"?>
<!DOCTYPE suite SYSTEM "https://testng.org/testng-1.0.dtd">
<suite name="Suite">
 <parameter name="url" value="http://leaftaps.com/opentaps/control/main"></parameter>
 <parameter name="username" value="DemoSalesManager"></parameter>
 <parameter name="password" value="crmsfa"></parameter>
  <test thread-count="5" name="Test">
      <classes>
      <class name="week6.day2.DeleteLead"/>
      <class name="week6.day2.DuplicateLead"/>
    </classes>
  </test> <!-- Test -->
</suite> <!-- Suite -->

